Epoch,Train Loss,Test Loss,Train Accuracy,Test Accuracy,Correct Predictions (Train),Incorrect Predictions (Train),Correct Predictions (Test),Incorrect Predictions (Test),Time (Train),Time (Test)
1,1.06881,1.29223,87.72696,86.88024,87.72696,12.27304,86.88024,13.11976,423.3498067855835,52.16210913658142
2,0.54204,0.85063,93.50559,89.77879,93.50559,6.49441,89.77879,10.22121,418.06475019454956,51.44107103347778
3,0.38301,0.74602,95.60056,92.21968,95.60056,4.39944,92.21968,7.78032,405.3886528015137,47.78734087944031
4,0.25923,1.18771,96.97975,88.55835,96.97975,3.02025,88.55835,11.44165,399.5754177570343,49.2759735584259
5,0.20509,1.19819,97.25908,86.95652,97.25908,2.74092,86.95652,13.04348,412.713751077652,51.16225051879883
